,name,alias,ra,dec,refs,discovery_date,hasPhot,hasSpec,json_path,z
0,2019pqt,"['2019pqt', 'Gaia19dya', 'MAXI J1807+132']",272d01m53.235s,13d15m05.4s,"['2017ATel10216....1K', '2011ApJ...737..103S', '2017ApJ...835...64G', '2019TNSTR1760....1H']",2017-03-27 00:00:00.000,True,False,/home/nfranz/radio-ecle/ecle-otter/MAXI-J1807+132.json,
1,SDSSJ1323,['SDSSJ1323'],200d55m29.55s,48d27m01.26s,"['2017ApJ...838..149A', '2016A&A...594A..13P', '2007A&A...462L..49E', '2017ApJ...835...64G']",2003-12-02 00:00:00.000,True,False,/home/nfranz/radio-ecle/ecle-otter/SDSSJ1323.json,0.08754
2,AT2016ezh,"['AT2016ezh', 'CSS160902:015805-005222', 'SN2016ezh', 'PS16dtm', 'PS16dtm (2016ezh)']",29d31m15s,-0d52m22s,"['2017arXiv170307816B', '2017ApJ...843..106B', '2016A&A...594A..13P', '2014Ap&SS.354...89B', '2011ApJ...737..103S', 'ASAS-SN Supernovae', 'MAST', '2017ApJ...835...64G', '2000A&AS..143....9W']",2016-08-26 15:07:12.000,True,False,/home/nfranz/radio-ecle/ecle-otter/AT2016ezh.json,0.08
3,2022exr,"['ZTF22aadgefj', '2022exr', 'Gaia22cgf', 'ATLAS22jix', 'AT2022exr']",262d27m37.66464s,25d50m31.79148s,"['2022TNSCR1202....1H', '2024MNRAS.527.2452M', '2022TNSTR.743....1T']",59658.61201,True,False,/home/nfranz/radio-ecle/ecle-otter/AT2022exr.json,0.0955
4,AT2021dms,['AT2021dms'],50d21m01.035s,-11d08m45.71s,"['2024MNRAS.528.4775H', 'VLASS 1.2', 'VLASS 2.2', 'WISE']",2459266.645706,True,False,/home/nfranz/radio-ecle/ecle-otter/AT2021dms.json,0.031102
5,2021crk,"['PS21cpw', 'ATLAS21hdc', '2021crk', 'ZTF21aakfqwq', 'AT2021crk']",176d16m43.61088s,18d32m25.32408s,"['2022ApJ...925...67L', '2024MNRAS.527.2452M', '2021TNSTR.422....1F', '2023TNSCR2004....1Y']",59252.48956019676,True,False,/home/nfranz/radio-ecle/ecle-otter/AT2021crk.json,0.155
6,SDSSJ0748,"['SDSS_J0748', 'SDSSJ0748']",117d05m10.05s,47d12m14.23s,"['2017ApJ...838..149A', '2016A&A...594A..13P', '2012ApJ...749..115W', '2017ApJ...835...64G', '2024arXiv240216951C', '15B-247', '17A-368', 'VLASS 1.2', 'VLASS 2.2', 'WISE', '2024MNRAS.528.7076C']",2004-02-20 00:00:00.000,True,False,/home/nfranz/radio-ecle/ecle-otter/SDSSJ0748.json,0.0615
7,2017bcc,"['2017bcc', 'ZTF20aacbwbm', 'SN2017bcc', 'AT2017bcc', 'PS17bgn']",172d58m15.6s,29d59m45.24s,"['2016A&A...594A..13P', '2011ApJ...737..103S', '2017ApJ...835...64G', '2017TNSTR.220....1C', '2017TNSCR.221....1B']",2017-02-18 00:00:00.000,True,False,/home/nfranz/radio-ecle/ecle-otter/SN2017bcc.json,0.148
8,2016fnl,"['2016fnl', 'AT2016fnl', 'iPTF-16fnl', 'iPTF16fnl']",7d29m15.6s,32d53m37.5s,"['2017ApJ...844...46B', '2017ApJ...838..149A', '2016ATel.9433....1G', '2016A&A...594A..13P', '2011ApJ...737..103S', 'MAST', '2017ApJ...835...64G', '2000A&AS..143....9W', '2024MNRAS.527.2452M', '2017MNRAS.471.1694W', '2016TNSTR.611....1K', '2016TNSCR.615....1Y']",57629.422997685186,True,False,/home/nfranz/radio-ecle/ecle-otter/iPTF16fnl.json,0.0163
9,2022cmc,"['2022cmc', 'ZTF22aaajecp', 'AT2022cmc']",203d40m48.105s,33d13m00.54s,"['2022Natur.612..430A', '2022TNSTR.397....1A']",59621.45,True,False,/home/nfranz/radio-ecle/ecle-otter/AT2022cmc.json,1.19325
10,2018lni,"['ZTF18actaqdw', '2018lni', 'AT2018lni']",62d24m24.7824s,73d53m41.658s,"['2021ApJ...908....4V', '2024MNRAS.527.2452M', '2023ApJ...957...86H', '2019TNSTR.379....1F']",58450.37,True,False,/home/nfranz/radio-ecle/ecle-otter/AT2018lni.json,0.138
11,2020mot,"['2020mot', 'Gaia20ead', 'ZTF20abfcszi', 'AT2020mot']",7d48m23.8212s,85d00m31.9644s,"['2023ApJ...942....9H', '2024MNRAS.527.2452M', '2023ApJ...955L...6Y', '2020TNSTR1791....1F', '2020TNSCR2478....1H']",59014.39380790509,True,False,/home/nfranz/radio-ecle/ecle-otter/AT2020mot.json,0.07
12,PTF09djl,"['PTF-09djl', 'PTF09djl']",248d28m59.1s,30d14m16.3s,"['2017ApJ...838..149A', '2016A&A...594A..13P', '2014ApJ...793...38A', '2011ApJ...737..103S', '2010ApJ...721..777A', '2017ApJ...835...64G', '2012PASP..124..668Y', '2000A&AS..143....9W', '2024MNRAS.527.2452M', '2017MNRAS.471.1694W']",2009-07-24 00:00:00.000,True,False,/home/nfranz/radio-ecle/ecle-otter/PTF09djl.json,0.184
13,ASASSN-14ae,"['iPTF14aiv', 'ASASSN-14ae']",167d10m01.65s,34d05m52.4s,"['2017ApJ...838..149A', '2016A&A...594A..13P', '2014MNRAS.445.3263H', '2014ApJ...793...38A', '2014ATel.5831....1P', '2011ApJ...737..103S', 'ASAS-SN Supernovae', 'MAST', '2017ApJ...835...64G', '2012PASP..124..668Y', '2000A&AS..143....9W', '2024MNRAS.527.2452M', '2017MNRAS.471.1694W']",2014-01-25 12:14:24.000,True,False,/home/nfranz/radio-ecle/ecle-otter/ASASSN-14ae.json,0.043671
14,iPTF16axa,"['iPTF-16axa', 'iPTF16axa']",255d53m35.4s,30d35m36.8s,"['2017ApJ...842...29H', '2016A&A...594A..13P', '2011ApJ...737..103S', '2017ApJ...835...64G', '2000A&AS..143....9W', '2024MNRAS.527.2452M', '2017MNRAS.471.1694W']",2016-05-29 00:00:00.000,True,False,/home/nfranz/radio-ecle/ecle-otter/iPTF16axa.json,0.108
15,2021sdu,"['ATLAS21bbpg', 'ZTF21abjrysr', '2021sdu', 'AT2021sdu']",17d50m57.7284s,50d34m29.70912s,"['2022ApJ...925...67L', '2024MNRAS.527.2452M', '2021TNSTR2318....1M', '2021TNSCR2712....1C', ' 2023TNSCR2004....1Y']",59400.40732640046,True,False,/home/nfranz/radio-ecle/ecle-otter/AT2021sdu.json,0.059
16,J142401,['J142401'],216d00m24.9s,29d50m28.4s,"['2018arXiv180205105W', '2016A&A...594A..13P', '2011ApJ...737..103S', '2017ApJ...835...64G']",2009-04-26 00:00:00.000,True,False,/home/nfranz/radio-ecle/ecle-otter/J142401.json,0.0855
17,RX J1242-11A,['RX J1242-11A'],190d39m38.25s,-11d19m20.8s,"['2017ApJ...838..149A', '2016A&A...594A..13P', '2011ApJ...737..103S', '1999A&A...349L..45K', 'MAST', '2017ApJ...835...64G']",1992-07-15 00:00:00.000,True,False,/home/nfranz/radio-ecle/ecle-otter/RX-J1242-11A.json,0.05
18,NGC 247,['NGC 247'],11d47m09.6s,-20d45m36s,"['2017ApJ...838..149A', '2016A&A...594A..13P', '2015ApJ...807..185F', '2011ApJ...737..103S', '2017ApJ...835...64G']",,False,False,/home/nfranz/radio-ecle/ecle-otter/NGC-247.json,0.000531
19,2019ehz,"['Gaia19bpt', '2019ehz', 'ZTF19aarioci', 'AT2019ehz']",212d25m28.6212s,55d29m27.78s,"['2021ApJ...908....4V', '2024MNRAS.527.2452M', '2023ApJ...957...86H', '2019TNSTR.673....1D', '2019TNSCR1737....1V']",58602.28498842593,True,False,/home/nfranz/radio-ecle/ecle-otter/AT2019ehz.json,0.074
20,2020vwl,"['ZTF20achpcvt', 'ATLAS20bdgk', 'Gaia20etp', '2020vwl', 'AT2020vwl']",232d39m27s,26d58m56.9s,"['2023MNRAS.522.5084G', '2022ApJ...925...67L', '2024MNRAS.527.2452M', '2020TNSTR3089....1H', '2021TNSCR.159....1H', ' 2023TNSCR2004....1Y']",59132.73,True,False,/home/nfranz/radio-ecle/ecle-otter/AT2020vwl.json,0.0325
21,2020zeb,"['2020zeb', 'Gaia20fct', 'ASASSN-20mi', 'AT 2020ual']",318d55m04.65s,-49d04m36s,"['ASAS-SN Supernovae', '2020TNSTR3418....1H']",2020-09-23 00:14:24.000,True,False,/home/nfranz/radio-ecle/ecle-otter/ASASSN-20mi.json,
22,J130819,['J130819'],197d04m46.8s,43d45m25.6s,"['2018arXiv180205105W', '2016A&A...594A..13P', '2011ApJ...737..103S', '2017ApJ...835...64G']",2009-04-14 00:00:00.000,True,False,/home/nfranz/radio-ecle/ecle-otter/J130819.json,0.0365
23,J233454,['J233454'],353d43m31.05s,14d57m12.8s,"['2017arXiv171104577K', '2016A&A...594A..13P', '2011ApJ...737..103S', '2017ApJ...835...64G']",,False,False,/home/nfranz/radio-ecle/ecle-otter/J233454.json,0.107
24,SDSS_J1207,['SDSS_J1207'],181d49m57.153s,24d11m55.8789s,"['2024arXiv240216951C', 'VLASS 1.1', 'VLASS 2.1', 'VLASS 3.1', 'WISE']",2008-01-19 00:00:00.000,True,False,/home/nfranz/radio-ecle/ecle-otter/SDSS_J1207.json,0.0503
25,CNSS J0019+00,['CNSS J0019+00'],4d56m50.02557s,0d35m26.8102s,['2020ApJ...903..116A'],56580.0,True,False,/home/nfranz/radio-ecle/ecle-otter/CNSS-J0019+00.json,0.018
26,ASASSN-15oi,['ASASSN-15oi'],309d47m16.44s,-30d45m20.71s,"['2021NatAs...5..491H', '2017ApJ...838..149A', '2016arXiv160201088H', '2016ApJ...818L..21F', '2016A&A...594A..13P', '2015ATel.7910....1B', '2011ApJ...737..103S', 'ASAS-SN Supernovae', 'MAST', '2017ApJ...835...64G', '2000A&AS..143....9W', '2016MNRAS.463.3813H', '2024MNRAS.527.2452M', '2020MNRAS.497L...1W']",2015-08-14 04:48:00.000,True,False,/home/nfranz/radio-ecle/ecle-otter/ASASSN-15oi.json,0.0484
27,WINGS J1348,['WINGS J1348'],207d12m28.5s,26d35m57.49s,"['2017ApJ...838..149A', '2016A&A...594A..13P', '2013MNRAS.435.1904M', '2011ApJ...737..103S', '2017ApJ...835...64G']",1999-12-20 00:00:00.000,True,False,/home/nfranz/radio-ecle/ecle-otter/WINGS-J1348.json,0.062
28,2017eqx,"['2017eqx', 'PS17dhz', 'AT2017eqx']",336d42m05.55s,17d08m52.4s,"['2019MNRAS.488.1878N', '2016A&A...594A..13P', '2017ApJ...835...64G', '2024MNRAS.527.2452M', '2017TNSTR.646....1C']",2017-06-01 00:00:00.000,True,False,/home/nfranz/radio-ecle/ecle-otter/AT2017eqx.json,0.1089
29,2022dyt,"['2022dyt', 'ZTF22aacgcwv', 'ATLAS22jju', 'AT2022dyt']",150d02m00.50316s,26d27m38.43828s,"['2022TNSCR1036....1S', '2024MNRAS.527.2452M', '2023ApJS..267...44A', '2022TNSTR.572....1M']",59636.23516200232,True,False,/home/nfranz/radio-ecle/ecle-otter/AT2022dyt.json,0.072
30,OGLE17aaj,['OGLE17aaj'],29d06m13.95s,-71d04m15.7s,"['2016A&A...594A..13P', '2011ApJ...737..103S', '2017ApJ...835...64G']",2016-01-28 00:00:00.000,False,False,/home/nfranz/radio-ecle/ecle-otter/OGLE17aaj.json,
31,CSS100217,"['CSS100217', 'CSS100217:102913+404220']",157d18m15s,40d42m20s,"['2017arXiv170307816B', '2017ApJ...838..149A', '2016A&A...594A..13P', '2011ApJ...735..106D', '2011BASI...39..387M', '2011ApJ...737..103S', '2010ATel.2544....1D', '2017ApJ...835...64G', '2000A&AS..143....9W']",2002-12-31 00:00:00.000,True,False,/home/nfranz/radio-ecle/ecle-otter/CSS100217.json,0.147
32,2019eve,"['Gaia19bti', 'ZTF19aatylnl', 'ATLAS19kfv', '2019eve', 'AT2019eve']",172d12m24.9552s,15d40m22.3824s,"['2021ApJ...908....4V', '2024MNRAS.527.2452M', '2019TNSTR.737....1N']",58608.233935185184,True,False,/home/nfranz/radio-ecle/ecle-otter/AT2019eve.json,0.0813
33,Sw J1112-82,"['Swift J1112-82', 'Swift J1112.2-8238', 'Sw J1112-82']",167d56m54s,-82d38m44.44s,"['2017MNRAS.472.4469B', '2017ApJ...838..149A', '2016A&A...594A..13P', '2015arXiv150703582B', '2011ApJ...737..103S', '2017ApJ...835...64G']",2011-12-27 00:00:00.000,True,False,/home/nfranz/radio-ecle/ecle-otter/Sw-J1112-82.json,0.89
34,2020zso,"['ATLAS20bfok', '2020zso', 'Gaia20fqa', 'ZTF20acqoiyt', 'AT2020zso']",335d34m16.8888s,-7d15m58.9392s,"['2022A&A...666A...6W', '2023ApJ...942....9H', '2024MNRAS.527.2452M', '2023ApJ...957...86H', '2020TNSTR3449....1F', '2020TNSCR3486....1I']",59165.15005790509,True,False,/home/nfranz/radio-ecle/ecle-otter/AT2020zso.json,0.0565
35,XMMSL1 J0740-85,"['XMMSL1 J0740-85', 'XMMSL1 J074008.2-853927']",115d02m02.85s,-85d39m31.25s,"['2017ApJ...838..149A', '2016arXiv161001788S', '2016arXiv161003861A', '2016A&A...594A..13P', '2011ApJ...737..103S', '2017ApJ...835...64G']",2014-04-01 00:00:00.000,True,False,/home/nfranz/radio-ecle/ecle-otter/XMMSL1-J0740-85.json,0.0173
36,OGLE16aaa,['OGLE16aaa'],16d50m13.2s,-64d16m20.7s,"['2017MNRAS.465L.114W', '2017ApJ...838..149A', '2016ATel.8559....1F', '2016A&A...594A..13P', '2011ApJ...737..103S', '2017ApJ...835...64G', '2000A&AS..143....9W', '2024MNRAS.527.2452M']",2015-12-17 00:00:00.000,True,False,/home/nfranz/radio-ecle/ecle-otter/OGLE16aaa.json,0.1655
37,2020qhs,"['ATLAS20upw', 'PS20krl', 'ZTF20abowque', '2020qhs', 'AT2020qhs']",34d28m29.2512s,-9d36m50.8932s,"['2023ApJ...942....9H', '2024MNRAS.527.2452M', '2023ApJ...957...86H', '2020TNSTR2274....1F']",59056.4415625,True,False,/home/nfranz/radio-ecle/ecle-otter/AT2020qhs.json,0.345
38,2022wyq,"['2022wyq', 'ZTF20acyxwgf', 'J094806']",147d01m38.25s,3d18m01.9s,"['2017arXiv171104577K', '2016A&A...594A..13P', '2011ApJ...737..103S', '2017ApJ...835...64G', '2022TNSTR2919....1F']",59695.193,True,False,/home/nfranz/radio-ecle/ecle-otter/J094806.json,0.207
39,SDSS_J1055,['SDSS_J1055'],163d51m36.2655s,56d37m13.101s,"['2024arXiv240216951C', '15B-247', 'VLASS 1.1', 'VLASS 2.1', 'VLASS 3.1', 'WISE', '2024MNRAS.528.7076C']",2002-04-09 00:00:00.000,True,False,/home/nfranz/radio-ecle/ecle-otter/SDSS_J1055.json,0.074
40,2021yte,"['ZTF21acafvhf', '2021yte', 'AT2021yte']",103d46m10.99992s,12d38m03.17652s,"['2022ApJ...925...67L', '2024MNRAS.527.2452M', '2021TNSTR3154....1F', '2021TNSCR3611....1Y']",59469.47592590278,True,False,/home/nfranz/radio-ecle/ecle-otter/AT2021yte.json,0.053
41,AT2020vdq,['AT2020vdq'],152d13m22.5s,42d42m00.4s,"['2023arXiv231003782S', 'VLASS 1.2', 'VLASS 2.2', 'WISE']",2459126.9916204,True,False,/home/nfranz/radio-ecle/ecle-otter/AT2020vdq.json,0.045
42,SDSS_J1402,['SDSS_J1402'],210d31m11.34s,29d39m46.8759s,"['2024arXiv240216951C', 'VLASS 1.1', 'VLASS 2.1', 'VLASS 3.1', 'WISE']",2007-03-19 00:00:00.000,True,False,/home/nfranz/radio-ecle/ecle-otter/SDSS_J1402.json,0.196
43,UGC 03317,['UGC 03317'],83d24m25.2s,73d43m26.4s,"['2017ApJ...838..149A', '2016A&A...594A..13P', '2015arXiv150506612H', '2011ApJ...737..103S', '2017ApJ...835...64G']",,False,False,/home/nfranz/radio-ecle/ecle-otter/UGC-03317.json,0.004136
44,2019meg,"['Gaia19dhd', 'ZTF19abhhjcc', '2019meg', 'AT2019meg']",281d19m02.9892s,44d26m18.9816s,"['2021ApJ...908....4V', '2024MNRAS.527.2452M', '2019TNSTR1378....1N']",58692.72199074074,True,False,/home/nfranz/radio-ecle/ecle-otter/AT2019meg.json,0.152
45,PTF10nuj,['PTF10nuj'],246d36m10.5s,54d42m21.6s,"['2017ApJ...838..149A', '2016A&A...594A..13P', '2014ApJ...793...38A', '2011ApJ...737..103S', '2017ApJ...835...64G', '2000A&AS..143....9W']",2010-01-01 00:00:00.000,True,False,/home/nfranz/radio-ecle/ecle-otter/PTF10nuj.json,0.132
46,AT2021msu,"['AT2021msu', 'AT2021msu (= ATLAS21pis)']",223d38m13.65s,9d13m39.7s,"['2016A&A...594A..13P', 'ASAS-SN Supernovae', '2017ApJ...835...64G']",2021-06-01 00:43:12.000,False,False,/home/nfranz/radio-ecle/ecle-otter/AT2021msu.json,0.05
47,PTF11glr,['PTF11glr'],253d31m31.95s,41d20m14.8s,"['2017ApJ...838..149A', '2016A&A...594A..13P', '2014ApJ...793...38A', '2011ApJ...737..103S', '2017ApJ...835...64G', '2000A&AS..143....9W']",2011-01-01 00:00:00.000,True,False,/home/nfranz/radio-ecle/ecle-otter/PTF11glr.json,0.207
48,2019azh,"['Gaia19bvo', 'ASASSN-19dj', 'ZTF17aaazdba', '2019azh', 'ZTF18achzddr', 'AT2019azh']",123d19m14.055s,22d38m53.8s,"['2022MNRAS.511.5328G', '2021MNRAS.500.1673H', '2022ApJ...925...67L', '2021ApJ...908....4V', '2024MNRAS.527.2452M', '2023ApJ...955L...6Y', '2019TNSTR.262....1S', '2019TNSCR.287....1B', ' 2020TNSCR2126....1D']",58536.02,True,False,/home/nfranz/radio-ecle/ecle-otter/AT2019azh.json,0.022
49,J121116,['J121116'],182d49m07.05s,0d13m45.3s,"['2018arXiv180205105W', '2016A&A...594A..13P', '2011ApJ...737..103S', '2017ApJ...835...64G']",2009-05-04 00:00:00.000,True,False,/home/nfranz/radio-ecle/ecle-otter/J121116.json,0.0763
50,Sw J2058+05,"['Swift J2058+05', 'Sw J2058+05']",314d34m58.5s,5d13m32s,"['2012ApJ...753...77C', '2015ApJ...805...68P', '2017MNRAS.472.4469B', '2017ApJ...838..149A', '2016A&A...594A..13P', '2017ApJ...835...64G']",2011-05-27 00:00:00.000,True,False,/home/nfranz/radio-ecle/ecle-otter/Sw-J2058+05.json,1.1853
51,XJ1231+1106,"['XJ1231+1106', '2XMM J123103.2+110648']",187d45m48s,11d06m48s,"['2017arXiv170206956L', '2016A&A...594A..13P', '2011ApJ...737..103S', '2017ApJ...835...64G']",,False,False,/home/nfranz/radio-ecle/ecle-otter/XJ1231+1106.json,0.118
52,NGC 6021,['NGC 6021'],239d22m40.8s,15d57m21.6s,"['2017ApJ...838..149A', '2016A&A...594A..13P', '2015arXiv150506612H', '2011ApJ...737..103S', '2017ApJ...835...64G']",,False,False,/home/nfranz/radio-ecle/ecle-otter/NGC-6021.json,0.015607
53,Sw J1644+57,"['GRB 110328A', 'Swift J1644+57', 'Swift J164449.3+573451', 'Sw J1644+57']",251d12m28.9695s,57d34m59.6893s,"['2011Natur.476..425Z', '2012ApJ...748...36B', '2012MNRAS.421.1942W', '2013ApJ...767..152Z', '2016MNRAS.462L..66Y', '2018ApJ...854...86E', '2017ApJ...838..149A', '2016A&A...594A..13P', '2011Sci...333..203B', '2011ApJ...737..103S', '2017ApJ...835...64G']",2011-03-29 00:00:00.000,True,False,/home/nfranz/radio-ecle/ecle-otter/Sw-J1644+57.json,0.354
54,2021utq,"['ATLAS21bgtn', 'Gaia21eqh', '2021utq', 'ZTF21abqtckk', 'AT2021utq']",229d37m16.8132s,73d21m31.4136s,"['2022ApJ...925...67L', '2024MNRAS.527.2452M', '2021TNSTR2663....1M', '2021TNSCR3259....1B', ' 2023TNSCR2004....1Y']",59427.28253469907,True,False,/home/nfranz/radio-ecle/ecle-otter/AT2021utq.json,0.127
55,PGC 170392,['PGC 170392'],336d41m34.8s,-15d01m22.8s,"['2017ApJ...838..149A', '2016A&A...594A..13P', '2015arXiv150506612H', '2011ApJ...737..103S', '2017ApJ...835...64G']",,False,False,/home/nfranz/radio-ecle/ecle-otter/PGC-170392.json,0.016246
56,RX J1624+75,['RX J1624+75'],246d14m10.5s,75d54m57.5s,"['2017ApJ...838..149A', '2016A&A...594A..13P', '2011ApJ...737..103S', '1999A&A...350L..31G', 'MAST', '2017ApJ...835...64G']",1990-08-25 00:00:00.000,True,False,/home/nfranz/radio-ecle/ecle-otter/RX-J1624+75.json,0.0636
57,PGC 015259,['PGC 015259'],67d20m27.6s,-4d45m36s,"['2017ApJ...838..149A', '2016A&A...594A..13P', '2015arXiv150506612H', '2011ApJ...737..103S', '2017ApJ...835...64G']",,False,False,/home/nfranz/radio-ecle/ecle-otter/PGC-015259.json,0.014665
58,2020wey,"['2020wey', 'Gaia20fck', 'ATLAS20belb', 'ZTF20acitpfz', 'AT2020wey']",136d21m28.6488s,61d48m09.1368s,"['2023ApJ...942....9H', '2024MNRAS.527.2452M', '2023ApJ...955L...6Y', '2020TNSTR3103....1N', '2020TNSCR3228....1A']",59130.49269,True,False,/home/nfranz/radio-ecle/ecle-otter/AT2020wey.json,0.02741
59,ASASSN-20jr,"['ASASSN-20jr', 'AT 2020ral']",229d19m25.2s,54d45m45.6s,['ASAS-SN Supernovae'],2020-08-10 05:45:36.000,False,False,/home/nfranz/radio-ecle/ecle-otter/ASASSN-20jr.json,
60,2023mfm,"['ZTF23aapyidj', '2023mfm', 'PS23fqo', 'AT2023mfm']",324d21m59.3676s,-4d20m43.0152s,"['2023TNSAN.250....1C', '2024MNRAS.527.2452M', '2023TNSTR1546....1F', '2023TNSCR2308....1C']",60123.399,True,False,/home/nfranz/radio-ecle/ecle-otter/AT2023mfm.json,0.087
61,2019lwu,"['ZTF19abidbya', 'ATLAS19rnz', 'PS19ega', '2019lwu', 'AT2019lwu']",347d48m04.581036s,-1d00m10.8162072s,"['2021ApJ...908....4V', '2024MNRAS.527.2452M', '2019TNSTR1352....1F', '2020TNSCR2246....1D']",58688.41799768519,True,False,/home/nfranz/radio-ecle/ecle-otter/AT2019lwu.json,0.117
62,2020pj,"['ATLAS20cab', '2020pj', 'ZTF20aabqihu', 'AT2020pj']",232d53m44.5139376s,33d05m41.6801292s,"['2023ApJ...942....9H', '2024MNRAS.527.2452M', '2020TNSTR..79....1N', '2020TNSCR2829....1H']",58850.50952546296,True,False,/home/nfranz/radio-ecle/ecle-otter/AT2020pj.json,0.068
63,DES14C1kia,['DES14C1kia'],53d41m52.35s,-26d19m35s,"['2017ApJ...838..149A', '2016A&A...594A..13P', '2015ATel.6877....1F', '2011ApJ...737..103S', '2017ApJ...835...64G', '2000A&AS..143....9W']",2014-01-01 00:00:00.000,True,False,/home/nfranz/radio-ecle/ecle-otter/DES14C1kia.json,0.162
64,2018iih,"['2018iih', 'ATLAS18yzs', 'Gaia18dpo', 'ZTF18acaqdaa', 'AT2018iih']",262d00m58.8518604s,30d41m31.5128184s,"['2021ApJ...908....4V', '2024MNRAS.527.2452M', '2023ApJ...955L...6Y', '2018TNSTR1750....1T', '2020TNSCR2246....1D']",58431.19599537037,True,False,/home/nfranz/radio-ecle/ecle-otter/AT2018iih.json,0.212
65,PTF09axc,"['PTF-09axc', 'PTF09axc']",223d18m15.9s,22d14m32.2s,"['2017ApJ...838..149A', '2016A&A...594A..13P', '2014ApJ...793...38A', '2011ApJ...737..103S', '2010ApJ...721..777A', '2017ApJ...835...64G', '2012PASP..124..668Y', '2000A&AS..143....9W', '2024MNRAS.527.2452M', '2017MNRAS.471.1694W']",2009-06-20 00:00:00.000,True,False,/home/nfranz/radio-ecle/ecle-otter/PTF09axc.json,0.1146
66,2022wtn,"['ZTF22abkfhua', '2022wtn', 'PS22jwq', 'ATLAS22bikj', 'AT2022wtn']",350d50m56.7672s,10d41m07.8108s,"['2022TNSTR2885....1F', '2024MNRAS.527.2452M', '2022TNSCR3389....1F']",59854.255,True,False,/home/nfranz/radio-ecle/ecle-otter/AT2022wtn.json,0.0491
67,2018hyz,"['ZTF18acpdvos', '2018hyz', 'ASASSN-18zj', 'ATLAS18bafs', 'AT2018hyz']",151d42m43.125s,1d41m33.96s,"['2022ApJ...938...28C', '2020MNRAS.497.1925G', '2020MNRAS.tmp.2047S', '2016A&A...594A..13P', '2017ApJ...835...64G', '2020MNRAS.498.4119S', '2021ApJ...908....4V', '2024MNRAS.527.2452M', '2023ApJ...957...86H', '2018TNSTR1708....1B', '2018TNSCR1764....1A']",2018-10-14 00:00:00.000,True,False,/home/nfranz/radio-ecle/ecle-otter/AT2018hyz.json,0.0457
68,UGC 01791,['UGC 01791'],34d58m22.8s,28d14m52.8s,"['2017ApJ...838..149A', '2016A&A...594A..13P', '2015arXiv150506612H', '2011ApJ...737..103S', '2017ApJ...835...64G']",,False,False,/home/nfranz/radio-ecle/ecle-otter/UGC-01791.json,0.015881
69,2019bhf,"['2019bhf', 'ZTF19aakswrb', 'AT2019bhf']",227d18m59.6304s,16d14m22.524s,"['2021ApJ...908....4V', '2024MNRAS.527.2452M', '2019TNSTR.299....1F', '2020TNSCR2246....1D']",58526.545,True,False,/home/nfranz/radio-ecle/ecle-otter/AT2019bhf.json,0.1206
70,2MASX J0249,['2MASX J0249'],42d19m19.2s,-4d12m54s,"['2017ApJ...838..149A', '2016A&A...594A..13P', '2011ApJ...737..103S', '2007A&A...462L..49E', '2017ApJ...835...64G']",2006-07-14 00:00:00.000,True,False,/home/nfranz/radio-ecle/ecle-otter/2MASX-J0249.json,0.0186
71,2022dsb,"['ZTF22aadghqe', '2022dsb', 'ATLAS22iav', 'ASASSN-22cs', 'AT2022dsb']",235d35m26.27736s,-22d40m14.08764s,"['2022TNSCR.584....1F', '2024MNRAS.527.2452M', '2022TNSTR.559....1S']",59639.56998842592,True,False,/home/nfranz/radio-ecle/ecle-otter/AT2022dsb.json,0.0234
72,2018zr,"['2018zr', 'ATLAS18nej', 'AT2018zr (PS18kh)', 'AT2018zr', 'PS18kh']",119d13m37.95s,34d15m43.6s,"['2018arXiv180902608V', '2018arXiv180802890H', '2016A&A...594A..13P', '2011ApJ...737..103S', 'MAST', '2017ApJ...835...64G', 'ASAS-SN Supernovae', '2019ApJ...880..120H', '2024MNRAS.527.2452M', '2023ApJ...957...86H', '2018TNSTR.296....1C', '2020TNSCR2246....1D']",2018-02-07 00:00:00.000,True,False,/home/nfranz/radio-ecle/ecle-otter/AT2018zr.json,0.074
73,AT2018bcb,['AT2018bcb'],340d55m43.065s,-16d59m08.49s,"['2020MNRAS.494.2538N', 'VLASS 1.2', 'VLASS 2.2', 'WISE']",2458235.62,True,False,/home/nfranz/radio-ecle/ecle-otter/AT2018bcb.json,0.1192
74,2023clx,"['2023clx', 'ASASSN-23bd', 'ZTF18aabkvpi', 'AT2023clx']",175d02m21.0444s,15d19m38.55s,"['2024arXiv240111773C', '2024MNRAS.527.2452M', '2023TNSTR.421....1S', '2023TNSCR.438....1T']",59997.21,True,False,/home/nfranz/radio-ecle/ecle-otter/AT2023clx.json,0.01107
75,AT2022upj,['AT2022upj'],5d59m12.9s,-14d25m23.4s,"['2024arXiv240611972N', 'VLASS 1.1', 'VLASS 2.1', 'VLASS 3.1', 'WISE']",2459822.878,True,False,/home/nfranz/radio-ecle/ecle-otter/AT2022upj.json,0.054
76,J133837,['J133837'],204d39m24s,57d31m13.2s,"['2018arXiv180205105W', '2016A&A...594A..13P', '2011ApJ...737..103S', '2017ApJ...835...64G']",2009-11-02 00:00:00.000,True,False,/home/nfranz/radio-ecle/ecle-otter/J133837.json,0.1269
77,2018hco,"['ATLAS18way', '2018hco', 'AT2018hco', 'ZTF18abxftqm']",16d53m24.15s,23d28m34.39s,"['2016A&A...594A..13P', 'MAST', '2017ApJ...835...64G', '2021ApJ...908....4V', '2024MNRAS.527.2452M', '2018TNSTR1509....1T', '2018TNSCR1902....1R']",8589-09-09 00:00:00.000,True,False,/home/nfranz/radio-ecle/ecle-otter/ZTF18abxftqm.json,0.088
78,SDSS_J2220,['SDSS_J2220'],335d13m55.968s,-7d53m17.8464s,"['2024arXiv240216951C', 'VLASS 1.1', 'VLASS 2.1', 'VLASS 3.1', 'WISE']",2001-10-21 00:00:00.000,True,False,/home/nfranz/radio-ecle/ecle-otter/SDSS_J2220.json,0.149
79,J094608,['J094608'],146d32m07.35s,35d12m22.4s,"['2017arXiv171104577K', '2016A&A...594A..13P', '2011ApJ...737..103S', '2017ApJ...835...64G']",,False,False,/home/nfranz/radio-ecle/ecle-otter/J094608.json,0.119
80,2018jbv,"['PS19aoz', 'ATLAS19acl', 'ZTF18acnbpmd', '2018jbv', 'AT2018jbv']",197d41m23.2584s,8d34m04.2024s,"['2023ApJ...942....9H', '2024MNRAS.527.2452M', '2018TNSTR2038....1F']",58448.562997685185,True,False,/home/nfranz/radio-ecle/ecle-otter/AT2018jbv.json,0.34
81,2019dsg,"['ZTF19aapreis', 'ATLAS19klx', '2019dsg', 'AT2019dsg']",314d15m44.55s,14d12m15.86s,"['2021NatAs...5..510S', '2021ApJ...919..127C', '2021ApJ...908....4V', '2024MNRAS.527.2452M', '2023ApJ...955L...6Y', '2019TNSTR.615....1N', '2019TNSCR.772....1S']",58582.46,True,False,/home/nfranz/radio-ecle/ecle-otter/AT2019dsg.json,0.051
82,J113527,['J113527'],173d51m49.35s,39d28m10.7s,"['2018arXiv180205105W', '2016A&A...594A..13P', '2011ApJ...737..103S', '2017ApJ...835...64G']",2009-04-07 00:00:00.000,True,False,/home/nfranz/radio-ecle/ecle-otter/J113527.json,0.1084
83,2019qiz,"['2019qiz', 'AT2019qiz (= ZTF19abzrhgq)', 'AT2019qiz']",71d39m29.85s,-10d13m31.5s,"['2020arXiv200602454N', '2016A&A...594A..13P', 'ASAS-SN Supernovae', 'MAST', '2017ApJ...835...64G', '2020MNRAS.499..482N', '2021ApJ...908....4V', '2024MNRAS.527.2452M', '2023ApJ...957...86H', ' 2019TNSTR1857....1F', 'VLASS 1.1', 'VLASS 2.1', 'VLASS 3.1', 'WISE', ' 2019TNSCR1921....1S']",2019-09-24 09:50:24.000,True,False,/home/nfranz/radio-ecle/ecle-otter/AT2019qiz.json,0.01513
84,RX J1420+53,['RX J1420+53'],215d06m03s,53d34m11s,"['2017ApJ...838..149A', '2016A&A...594A..13P', '2011ApJ...737..103S', '2000A&A...362L..25G', '2017ApJ...835...64G']",1990-07-11 00:00:00.000,True,False,/home/nfranz/radio-ecle/ecle-otter/RX-J1420+53.json,0.147
85,IGR J17361-4441,['IGR J17361-4441'],264d04m21.3s,-44d44m05.98s,"['2017ApJ...838..149A', '2016A&A...594A..13P', '2014arXiv1407.5081D', '2011ApJ...737..103S', '2017ApJ...835...64G']",2003-03-22 00:00:00.000,True,False,/home/nfranz/radio-ecle/ecle-otter/IGR-J17361-4441.json,0.000271
86,J100933,['J100933'],152d23m17.1s,23d22m55.8s,"['2018arXiv180205105W', '2016A&A...594A..13P', '2011ApJ...737..103S', '2017ApJ...835...64G']",2009-02-20 00:00:00.000,True,False,/home/nfranz/radio-ecle/ecle-otter/J100933.json,0.0719
87,ASASSN-20lk,"['ASASSN-20lk', 'AT 2020svp']",207d38m12s,-30d02m55.6s,['ASAS-SN Supernovae'],2020-09-08 17:16:48.000,False,False,/home/nfranz/radio-ecle/ecle-otter/ASASSN-20lk.json,
88,2019cmw,"['ZTF19aaniqrr', 'ATLAS19kel', '2019cmw', 'PS19cws', 'AT2019cmw']",282d09m52.182s,51d00m48.7332s,"['2022ApJ...925...67L', '2024MNRAS.527.2452M', '2019TNSTR.464....1N']",58567.51133101852,True,False,/home/nfranz/radio-ecle/ecle-otter/AT2019cmw.json,0.5167
89,2020ksf,"['Gaia20cjk', 'ZTF20abgbdpr', '2020ksf', 'AT2020ksf']",323d51m49.2264s,-18d16m35.364s,"['2024ApJ...963...75W', '2024MNRAS.527.2452M', '2020TNSTR1450....1H']",58960.425,True,False,/home/nfranz/radio-ecle/ecle-otter/AT2020ksf.json,0.0942
90,2021mhg,"['ATLAS21wwe', '2021mhg', 'Gaia21cwh', 'ZTF21abaxaqq', 'ATLAS21qbq', 'AT2021mhg']",4d55m43.40244s,29d19m00.71436s,"['2022ApJ...925...67L', '2024MNRAS.527.2452M', '2021TNSTR1620....1M', '2021TNSCR2672....1C']",59345.48390049768,True,False,/home/nfranz/radio-ecle/ecle-otter/AT2021mhg.json,0.073
91,2018mac,"['ASASSN-22ci', '2022dbl', 'ZTF18aabdajx', 'Gaia22bdt', 'PS22cdn', '2018mac', 'ATLAS18bcnl', 'AT2022dbl']",185d11m16.17036s,49d33m04.40064s,"['2022TNSCR.504....1A', '2024MNRAS.527.2452M', '2023ApJS..267...44A', '2022TNSTR.372....1D', '2022TNSTR1433....1S']",58254.20157,True,False,/home/nfranz/radio-ecle/ecle-otter/AT2022dbl.json,0.0284
92,IGR J12580+0134,['IGR J12580+0134'],194d31m16.5s,1d34m26s,"['2015ApJ...809..172I', '2016MNRAS.461.3375Y', '2017ApJ...842..126P']",55572.0,True,False,/home/nfranz/radio-ecle/ecle-otter/IGR-J12580+0134.json,0.00411
93,PGC 1127938,['PGC 1127938'],19d44m09.6s,-1d03m10.8s,"['2017ApJ...838..149A', '2016A&A...594A..13P', '2015arXiv150506612H', '2011ApJ...737..103S', '2017ApJ...835...64G']",,False,False,/home/nfranz/radio-ecle/ecle-otter/PGC-1127938.json,0.02
94,2019vcb,"['2019vcb', 'ZTF19acspeuw', 'Gaia19feb', 'ATLAS19bcyz', 'AT2019vcb']",189d44m05.7329556s,33d09m57.2151492s,"['2023ApJ...942....9H', '2024MNRAS.527.2452M', '2019TNSTR2396....1N', '2020TNSCR2126....1D']",58802.551620370374,True,False,/home/nfranz/radio-ecle/ecle-otter/AT2019vcb.json,0.088
95,2022bdw,"['2022bdw', 'ATLAS22dth', 'Gaia22baj', 'PS22avi', 'ZTF22aaahtqz', 'AT2022bdw']",126d17m35.62476s,18d34m57.47304s,"['2022TNSCR.511....1A', '2024MNRAS.527.2452M', '2023ApJS..267...44A', '2022TNSTR.284....1T']",59610.401,True,False,/home/nfranz/radio-ecle/ecle-otter/AT2022bdw.json,0.0378
96,2XMMi J1847,"['2XMMi J1847', '2XMMi J184725.1-631724']",281d51m17.4s,-63d17m24.96s,"['2016A&A...594A..13P', '2011ApJ...738...52L', '2011ApJ...737..103S', '2017ApJ...835...64G']",,False,False,/home/nfranz/radio-ecle/ecle-otter/2XMMi-J1847.json,0.0353
97,SDSSJ0159,['SDSSJ0159'],29d59m24.6s,0d33m10.49s,"['2017ApJ...838..149A', '2016A&A...594A..13P', '2015MNRAS.452...69M', '2017ApJ...835...64G']",2000-07-29 00:00:00.000,True,False,/home/nfranz/radio-ecle/ecle-otter/SDSSJ0159.json,0.31167
98,PGC 133344,['PGC 133344'],325d43m58.8s,-30d07m58.8s,"['2017ApJ...838..149A', '2016A&A...594A..13P', '2015arXiv150506612H', '2011ApJ...737..103S', '2017ApJ...835...64G']",,False,False,/home/nfranz/radio-ecle/ecle-otter/PGC-133344.json,0.02365
99,2022gri,"['PS22nfs', 'ATLAS23doq', 'ZTF20aahmtso', '2022gri', 'AT2022gri']",109d35m11.91408s,33d59m41.47116s,"['2022TNSAN..99....1Y', '2024MNRAS.527.2452M', '2022TNSTR.890....1F', '2022TNSCR1156....1Y']",59672.157,True,False,/home/nfranz/radio-ecle/ecle-otter/AT2022gri.json,0.028
100,J145851,['J145851'],224d42m54.75s,17d50m57.9s,"['2018arXiv180205105W', '2016A&A...594A..13P', '2011ApJ...737..103S', '2017ApJ...835...64G']",2009-04-29 00:00:00.000,True,False,/home/nfranz/radio-ecle/ecle-otter/J145851.json,0.1165
101,SDSS_J1247,['SDSS_J1247'],191d51m35.5785s,7d05m25.0809s,"['2024arXiv240216951C', 'VLASS 1.2', 'VLASS 2.2', 'WISE']",2006-05-21 00:00:00.000,True,False,/home/nfranz/radio-ecle/ecle-otter/SDSS_J1247.json,0.104
102,TDE2,"['SDSS-TDE2', 'TDE2']",350d57m09.225s,-1d08m10.34s,"['2017ApJ...838..149A', '2016A&A...594A..13P', '2011ApJ...741...73V', '2011ApJ...737..103S', '2017ApJ...835...64G', '2000A&AS..143....9W', '2024MNRAS.527.2452M']",2007-06-18 00:00:00.000,True,False,/home/nfranz/radio-ecle/ecle-otter/TDE2.json,0.2515
103,PTF10iya,['PTF10iya'],219d40m15s,37d39m33.6s,"['2017ApJ...838..149A', '2016A&A...594A..13P', '2012MNRAS.420.2684C', '2011ApJ...737..103S', '2017ApJ...835...64G', '2000A&AS..143....9W']",2010-06-11 00:00:00.000,True,False,/home/nfranz/radio-ecle/ecle-otter/PTF10iya.json,0.22405
104,2021jsg,"['ZTF21aaeoitd', '2021jsg', 'AT2021jsg']",167d09m10.72044s,30d45m40.58424s,"['2021TNSCR1221....1Y', '2024MNRAS.527.2452M', '2021TNSTR1202....1H']",59221.47831,True,False,/home/nfranz/radio-ecle/ecle-otter/AT2021jsg.json,0.126
105,SDSSJ1350,"['SDSS_J1350', 'SDSSJ1350']",207d30m22.65s,29d16m09.71s,"['2017ApJ...838..149A', '2016A&A...594A..13P', '2012ApJ...749..115W', '2017ApJ...835...64G', '2024arXiv240216951C', '15B-247', 'VLASS 1.1', 'VLASS 2.1', 'VLASS 3.1', 'WISE', '2024MNRAS.528.7076C']",2006-04-23 00:00:00.000,True,False,/home/nfranz/radio-ecle/ecle-otter/SDSSJ1350.json,0.0777
106,2020acka,"['ATLAS21cuo', 'ZTF20acwytxn', '2020acka', 'AT2020acka']",238d45m29.21868s,16d18m16.33932s,"['2022ApJ...925...67L', '2024MNRAS.527.2452M', '2020TNSTR3744....1M', '2021TNSCR.262....1H', ' 2023TNSCR2004....1Y']",59194.55357640046,True,False,/home/nfranz/radio-ecle/ecle-otter/AT2020acka.json,0.338
107,SDSSJ0952,"['SDSS_J0952', 'SDSSJ0952']",148d02m23.4s,21d43m13.24s,"['2017ApJ...838..149A', '2016A&A...594A..13P', '2008ApJ...678L..13K', '2017ApJ...835...64G', '2024arXiv240216951C', '15B-247', '17A-368', 'VLASS 1.2', 'VLASS 2.2', 'VLASS 3.2', 'WISE', '2024MNRAS.528.7076C']",2008-02-05 00:00:00.000,True,False,/home/nfranz/radio-ecle/ecle-otter/SDSSJ0952.json,0.0789
108,CXOU J0332,"['CXOU J0332', 'CXOU J033238.8-275134']",53d09m42s,-27d51m34s,"['2017arXiv170204422B', '2011ApJ...737..103S', '2017ApJ...835...64G']",2014-10-01 00:00:00.000,False,False,/home/nfranz/radio-ecle/ecle-otter/CXOU-J0332.json,
109,2021axu,"['2021axu', 'PS21csc', 'ZTF21aaaokyp', 'ATLAS21bsh', 'AT2021axu']",176d39m05.52672s,30d05m07.63584s,"['2022ApJ...925...67L', '2024MNRAS.527.2452M', '2021TNSTR.218....1T', '2021TNSCR.955....1H', ' 2023TNSCR2004....1Y']",59231.512,True,False,/home/nfranz/radio-ecle/ecle-otter/AT2021axu.json,0.19
110,2022pna,"['ATLAS22wax', 'Gaia22dgl', '2022pna', 'ZTF22aavvqyh', 'AT2022pna']",25d28m53.256s,-3d17m22.5204s,"['2022TNSCR2892....1Y', '2024MNRAS.527.2452M', '2022TNSTR2086....1T']",59784.5985,True,False,/home/nfranz/radio-ecle/ecle-otter/AT2022pna.json,0.095
111,J155223,['J155223'],238d05m49.35s,32d34m55.1s,"['2018arXiv180205105W', '2016A&A...594A..13P', '2011ApJ...737..103S', '2017ApJ...835...64G']",2009-05-31 00:00:00.000,True,False,/home/nfranz/radio-ecle/ecle-otter/J155223.json,0.1277
112,D23H-1,"['GALEX-D23H-1', 'D23H-1']",352d59m52.95s,0d17m14.57s,"['2017ApJ...838..149A', '2016A&A...594A..13P', '2011ApJ...737..103S', '2009ApJ...698.1367G', '2017ApJ...835...64G', '2024MNRAS.527.2452M', '2017MNRAS.471.1694W']",2007-09-04 00:00:00.000,True,False,/home/nfranz/radio-ecle/ecle-otter/D23H-1.json,0.1855
113,AT2021qth,['AT2021qth'],302d54m43.71s,-21d09m36.83s,"['2021TNSTR2141....1F', 'VLASS 1.1', 'VLASS 2.1', 'VLASS 3.1', 'WISE', '2023ApJ...955L...6Y']",2459382.9156134,True,False,/home/nfranz/radio-ecle/ecle-otter/AT2021qth.json,0.0805
114,2020yue,"['ZTF20acnznms', '2020yue', 'AT2020yue']",165d00m05.05152s,21d06m45.95292s,"['2022ApJ...925...67L', '2024MNRAS.527.2452M', '2020TNSTR3341....1N', '2022TNSCR.662....1K', ' 2023TNSCR2004....1Y']",59156.49736,True,False,/home/nfranz/radio-ecle/ecle-otter/AT2020yue.json,0.2042
115,2021uqv,"['2021uqv', 'Gaia21drx', 'ATLAS21beiz', 'ZTF21abqhkjd', 'AT2021uqv']",8d09m58.15332s,22d32m56.15448s,"['2022ApJ...925...67L', '2024MNRAS.527.2452M', '2021TNSTR2648....1M', '2021TNSCR3411....1Y', ' 2023TNSCR2004....1Y']",59424.43628469908,True,False,/home/nfranz/radio-ecle/ecle-otter/AT2021uqv.json,0.106
116,AT2018dyb,['AT2018dyb'],242d44m43.1592s,-60d55m24.3876s,"['2019ApJ...887..218L', '2024MNRAS.527.2452M']",,True,False,/home/nfranz/radio-ecle/ecle-otter/AT2018dyb.json,0.018
117,2018bsi,"['2018bsi', 'ZTF18aahqkbt', 'AT2018bsi']",123d51m39.5091144s,45d35m32.011782s,"['2021ApJ...908....4V', '2024MNRAS.527.2452M', '2023ApJ...957...86H', '2018TNSTR.652....1F', '2020TNSCR2260....1D']",58217.21199074074,True,False,/home/nfranz/radio-ecle/ecle-otter/AT2018bsi.json,0.051
118,2020ddv,"['ATLAS20gee', '2020ddv', 'ZTF20aamqmfk', 'AT2020ddv']",149d38m21.2473464s,46d54m40.4297676s,"['2023ApJ...942....9H', '2024MNRAS.527.2452M', '2023ApJ...957...86H', '2020TNSTR.605....1T']",58900.44699074074,True,False,/home/nfranz/radio-ecle/ecle-otter/AT2020ddv.json,0.16
119,PS1-10jh,['PS1-10jh'],242d22m04.35s,53d40m23.52s,"['2017ApJ...838..149A', '2016A&A...594A..13P', '2015ApJ...815L...5G', '2012Natur.485..217G', '2011ApJ...737..103S', '2017ApJ...835...64G', '2000A&AS..143....9W', '2024MNRAS.527.2452M', '2017MNRAS.471.1694W']",2010-05-16 00:00:00.000,True,False,/home/nfranz/radio-ecle/ecle-otter/PS1-10jh.json,0.1696
120,2021nwa,"['ZTF21abcgnqn', 'ATLAS21sjl', '2021nwa', 'AT2021nwa']",238d27m49.0435596s,55d35m19.82688s,"['2022ApJ...925...67L', '2024MNRAS.527.2452M', '2021TNSTR1845....1D', '2021TNSCR2155....1Y', ' 2023TNSCR2004....1Y']",59345.38744,True,False,/home/nfranz/radio-ecle/ecle-otter/AT2021nwa.json,0.047
121,2021yzv,"['2021yzv', 'ZTF21abxngcz', 'AT2021yzv']",105d16m39.05724s,40d49m30.55908s,"['2022ApJ...925...67L', '2024MNRAS.527.2452M', '2021TNSTR3208....1F', '2022TNSCR.363....1C', ' 2023TNSCR2004....1Y']",59442.501,True,False,/home/nfranz/radio-ecle/ecle-otter/AT2021yzv.json,0.286
122,ASASSN-20il,"['ASASSN-20il', 'AT 2020pom']",75d47m49.5s,-22d48m52.1s,['ASAS-SN Supernovae'],2020-07-08 04:19:12.000,False,False,/home/nfranz/radio-ecle/ecle-otter/ASASSN-20il.json,
123,J141036,['J141036'],212d39m12.15s,26d54m25s,"['2018arXiv180205105W', '2016A&A...594A..13P', '2011ApJ...737..103S', '2017ApJ...835...64G']",2009-04-24 00:00:00.000,True,False,/home/nfranz/radio-ecle/ecle-otter/J141036.json,0.1071
124,2023cvb,"['ATLAS23dht', 'ZTF23aadcbay', '2023cvb', 'AT2023cvb']",288d36m25.2108s,41d40m09.3036s,"['2023TNSAN.102....1Y', '2024MNRAS.527.2452M', '2023TNSTR.494....1T', '2023TNSCR.962....1Y']",60009.61634,True,False,/home/nfranz/radio-ecle/ecle-otter/AT2023cvb.json,0.071
125,2020neh,"['2020neh', 'Gaia20cxg', 'PS20elo', 'ZTF20abgwfek', 'ATLAS20qkz', 'AT2020neh']",230d20m01.2355548s,14d04m10.5269304s,"['2022NatAs...6.1452A', '2024MNRAS.527.2452M', '2023ApJ...955L...6Y', '2020TNSTR1886....1N', '2020TNSCR2126....1D']",59019.25472,True,False,/home/nfranz/radio-ecle/ecle-otter/AT2020neh.json,0.062
126,2019cho,"['2019cho', 'ZTF19aakiwze', 'AT2019cho']",193d47m18.1464s,49d31m09.9264s,"['2021ApJ...908....4V', '2024MNRAS.527.2452M', '2019TNSTR.444....1N']",58526.51965277778,True,False,/home/nfranz/radio-ecle/ecle-otter/AT2019cho.json,0.193
127,XJ1500+0154,"['XJ1500+0154', '3XMM J150052.0+015452']",225d13m00s,1d54m52s,"['2017NatAs...1E..33L', '2016A&A...594A..13P', '2011ApJ...737..103S', '2017ApJ...835...64G']",,False,False,/home/nfranz/radio-ecle/ecle-otter/XJ1500+0154.json,0.145
128,2021zlg,"['Gaia21egv', '2021zlg', 'PS1-10adi']",310d41m11.1s,15d30m32.1s,"['2017arXiv171104577K', '2016A&A...594A..13P', '2011ApJ...737..103S', '2017ApJ...835...64G', '2021TNSTR3297....1H']",2010-01-01 00:00:00.000,True,False,/home/nfranz/radio-ecle/ecle-otter/PS1-10adi.json,0.203
129,PS1-13jw,['PS1-13jw'],131d13m23.4s,42d57m44.8s,"['2017arXiv171104577K', '2016A&A...594A..13P', '2011ApJ...737..103S', '2017ApJ...835...64G']",2013-01-01 00:00:00.000,False,False,/home/nfranz/radio-ecle/ecle-otter/PS1-13jw.json,0.345
130,LEDA 095953,['LEDA 095953'],206d52m34.95s,-32d54m50.63s,"['2017ApJ...838..149A', '2016A&A...594A..13P', '2011ApJ...737..103S', '2009A&A...495L...9C', '2017ApJ...835...64G']",,True,False,/home/nfranz/radio-ecle/ecle-otter/LEDA-095953.json,0.0366
131,2020abri,"['ATLAS20biig', 'ZTF20acvezvs', '2020abri', 'AT2020abri']",202d19m19.12728s,19d40m15.5082s,"['2022ApJ...925...67L', '2024MNRAS.527.2452M', '2020TNSTR3666....1F', '2023TNSCR2004....1Y']",59184.529050902776,True,False,/home/nfranz/radio-ecle/ecle-otter/AT2020abri.json,0.178
132,PS1-11af,['PS1-11af'],149d21m42.3s,3d14m01s,"['2017ApJ...838..149A', '2016A&A...594A..13P', '2014ApJ...780...44C', '2013arXiv1309.3009C', '2011ApJ...737..103S', '2017ApJ...835...64G', '2000A&AS..143....9W', '2024MNRAS.527.2452M']",2010-12-30 00:00:00.000,True,False,/home/nfranz/radio-ecle/ecle-otter/PS1-11af.json,0.4046
133,iPTF-15af,['iPTF-15af'],132d07m02.052984s,22d03m33.4962216s,"['2019ApJ...873...92B', '2024MNRAS.527.2452M', '2017MNRAS.471.1694W']",,True,False,/home/nfranz/radio-ecle/ecle-otter/iPTF-15af.json,0.07897
134,3XMM J152130.7+074916,['3XMM J152130.7+074916'],230d22m41.25s,7d49m16.7s,"['2017ApJ...838..149A', '2016A&A...594A..13P', '2015ApJ...811...43L', '2011ApJ...737..103S', '2017ApJ...835...64G']",2000-08-23 00:00:00.000,True,False,/home/nfranz/radio-ecle/ecle-otter/3XMM-J152130.7+074916.json,0.17901
135,D1-9,"['GALEX-D1-9', 'D1-9']",36d19m14.52s,-4d32m58.92s,"['2017ApJ...838..149A', '2016A&A...594A..13P', '2011ApJ...737..103S', '2008ApJ...676..944G', '2017ApJ...835...64G', '2006ApJ...653L..25G', '2024MNRAS.527.2452M']",2004-08-12 00:00:00.000,True,False,/home/nfranz/radio-ecle/ecle-otter/D1-9.json,0.326
136,NGC 5905,['NGC 5905'],228d50m49.8s,55d31m01.59s,"['2017ApJ...838..149A', '2016A&A...594A..13P', '1996A&A...309L..35B', '2017ApJ...835...64G']",1990-07-11 00:00:00.000,True,False,/home/nfranz/radio-ecle/ecle-otter/NGC-5905.json,0.01124
137,2018lna,"['2018lna', 'ZTF19aabbnzo', 'AT2018lna']",105d49m39.7344s,23d01m44.6988s,"['2021ApJ...908....4V', '2024MNRAS.527.2452M', '2023ApJ...957...86H', '2019TNSTR.250....1F', '2020TNSCR2246....1D']",58480.28498842593,True,False,/home/nfranz/radio-ecle/ecle-otter/AT2018lna.json,0.091
138,NGC 3599,['NGC 3599'],168d51m44.25s,18d06m37.33s,"['2017ApJ...838..149A', '2016A&A...594A..13P', '2007A&A...462L..49E', '2017ApJ...835...64G']",2002-05-27 00:00:00.000,True,False,/home/nfranz/radio-ecle/ecle-otter/NGC-3599.json,0.002699
139,SDSSJ1342,"['SDSS_J1342', 'J134244', 'SDSSJ1342']",205d41m06.3s,5d30m56.14s,"['2017ApJ...838..149A', '2016A&A...594A..13P', '2012ApJ...749..115W', '2017ApJ...835...64G', '2018arXiv180205105W', '2011ApJ...737..103S', '2024arXiv240216951C', '15B-247', 'VLASS 1.2', 'VLASS 2.2', 'WISE', '2024MNRAS.528.7076C']",2009-05-17 00:00:00.000,True,False,/home/nfranz/radio-ecle/ecle-otter/SDSSJ1342.json,0.0366
140,2022agi,"['Gaia22ahd', '2022agi', 'SSS:010250.0-222157', 'CSS:010250.0-222157', 'F01004-2237']",15d42m30.105s,-22d21m57.22s,"['2017NatAs...1E..61T', '2016A&A...594A..13P', '2011ApJ...737..103S', 'MAST', '2017ApJ...835...64G', '2022TNSTR.188....1H']",2010-06-25 00:00:00.000,True,False,/home/nfranz/radio-ecle/ecle-otter/F01004-2237.json,0.117835
141,J091225,['J091225'],138d06m15.15s,6d10m14.8s,"['2018arXiv180205105W', '2016A&A...594A..13P', '2011ApJ...737..103S', '2017ApJ...835...64G']",2009-02-09 00:00:00.000,True,False,/home/nfranz/radio-ecle/ecle-otter/J091225.json,0.1453
142,SDSS_J1241,['SDSS_J1241'],190d23m33.8415s,44d26m39.2636s,"['2024arXiv240216951C', '15B-247', '17A-368', '17A-369', '17A-371', '17A-372', '17A-374', '17A-375', '17A-377', '17A-378', '19A-422', '20A-128', '21A-146', 'VLASS 1.2', 'VLASS 2.2', 'WISE', '2024MNRAS.528.7076C']",2004-02-27 00:00:00.000,True,False,/home/nfranz/radio-ecle/ecle-otter/SDSS_J1241.json,0.0419
143,SDSS_J0938,['SDSS_J0938'],144d30m24.564s,13d53m17.0423s,"['2024arXiv240216951C', '15B-247', '17A-368', 'VLASS 1.1', 'VLASS 2.1', 'VLASS 3.1', 'WISE', '2024MNRAS.528.7076C']",2006-12-23 00:00:00.000,True,False,/home/nfranz/radio-ecle/ecle-otter/SDSS_J0938.json,0.101
144,2021jjm,"['PS21fhy', 'ZTF21aauuybx', 'ATLAS21mwd', '2021jjm', 'AT2021jjm']",219d52m39.99s,-27d51m30.65688s,"['2022ApJ...925...67L', '2024MNRAS.527.2452M', '2021TNSTR1158....1M', '2021TNSCR1632....1Y']",59312.41996530093,True,False,/home/nfranz/radio-ecle/ecle-otter/AT2021jjm.json,0.153
145,SDSS_J1715,['SDSS_J1715'],258d46m04.3395s,56d47m15.8404s,"['2024arXiv240216951C', 'VLASS 1.1', 'VLASS 2.1', 'VLASS 3.1', 'WISE']",2000-09-01 00:00:00.000,True,False,/home/nfranz/radio-ecle/ecle-otter/SDSS_J1715.json,0.191
146,2023rvb,"['ZTF23abaujuy', 'ATLAS23spi', '2023rvb', 'AT2023rvb']",290d18m08.23752s,-22d38m39.60132s,"['2023TNSAN.326....1H', '2024MNRAS.527.2452M', '2023TNSTR2204....1M', '2023TNSCR3112....1H']",60191.168287002314,True,False,/home/nfranz/radio-ecle/ecle-otter/AT2023rvb.json,0.0815
147,SDSS_J1459,['SDSS_J1459'],224d51m31.014s,40d45m38.5508s,"['2024arXiv240216951C', 'VLASS 1.2', 'VLASS 2.2', 'WISE']",2004-05-21 00:00:00.000,True,False,/home/nfranz/radio-ecle/ecle-otter/SDSS_J1459.json,0.151
148,2021ack,"['ATLAS21blz', '2021ack', 'ZTF20acyydkh', 'AT2021ack']",208d17m29.8266s,9d44m25.34712s,"['2021TNSCR.732....1H', '2024MNRAS.527.2452M', '2021TNSTR.114....1T']",59226.62,True,False,/home/nfranz/radio-ecle/ecle-otter/AT2021ack.json,0.133
149,AT2021acak,['AT2021acak'],158d41m59.85s,15d29m22.42s,"['2023RAA....23b5012L', 'VLASS 1.1', 'VLASS 2.1', 'VLASS 3.1', 'WISE']",2459510.12,True,False,/home/nfranz/radio-ecle/ecle-otter/AT2021acak.json,0.136
150,2020riz,"['2020riz', 'PS20jop', 'ZTF20abrnwfc', 'AT2020riz']",32d37m41.3256s,9d04m26.7744s,"['2023ApJ...942....9H', '2024MNRAS.527.2452M', '2020TNSTR2500....1P']",59061.46774305555,True,False,/home/nfranz/radio-ecle/ecle-otter/AT2020riz.json,0.434
151,2020ysg,"['ATLAS20bjqp', '2020ysg', 'ZTF20abnorit', 'PS21cru', 'AT2020ysg']",171d21m30.384s,27d26m26.1564s,"['2023ApJ...942....9H', '2024MNRAS.527.2452M', '2020TNSTR3332....1N']",59150.51602,True,False,/home/nfranz/radio-ecle/ecle-otter/AT2020ysg.json,0.277
152,ASASSN-15lh,['ASASSN-15lh'],330d33m52.35s,-61d39m33.6s,"['2017ApJ...838..149A', '2016Sci...351..257D', '2016arXiv160902927L', '2016A&A...594A..13P', '2015arXiv150703010D', '2015ATel.7642....1N', '2014Ap&SS.354...89B', '2011ApJ...737..103S', 'ASAS-SN Supernovae', 'MAST', '2017ApJ...835...64G', '2012PASP..124..668Y', '2024MNRAS.527.2452M', '2018A&A...610A..14K']",2015-06-14 06:00:00.000,True,False,/home/nfranz/radio-ecle/ecle-otter/ASASSN-15lh.json,0.2326
153,2019mha,"['2019mha', 'ATLAS19qqu', 'ZTF19abhejal', 'AT2019mha']",244d06m56.7960408s,56d25m56.353224s,"['2021ApJ...908....4V', '2024MNRAS.527.2452M', '2019TNSTR1392....1T']",58694.32399305556,True,False,/home/nfranz/radio-ecle/ecle-otter/AT2019mha.json,0.148
154,2019teq,"['ZTF19accmaxo', '2019teq', 'AT2019teq']",284d46m22.3788s,47d31m05.6136s,"['2023ApJ...942....9H', '2024MNRAS.527.2452M', '2019TNSTR2172....1N', '2020TNSCR2829....1H']",58776.11638888889,True,False,/home/nfranz/radio-ecle/ecle-otter/AT2019teq.json,0.0874
155,2022lri,"['ATLAS22pnz', 'ZTF22abajudi', 'PS22hiq', '2022lri', 'AT2022lri']",35d02m00.1788s,-22d43m15.2472s,"['2022TNSAN.223....1Y', '2024MNRAS.527.2452M', '2022TNSTR1521....1T', '2022TNSCR3103....1Y']",59731.15674,True,False,/home/nfranz/radio-ecle/ecle-otter/AT2022lri.json,0.0328
156,AT2018dyk,['AT2018dyk'],233d17m00.225s,44d32m08.2s,"['2018TNSTR.987....1F', 'VLASS 1.2', 'VLASS 2.2', 'WISE', '2018TNSCR1182....1H']",2458269.81,True,False,/home/nfranz/radio-ecle/ecle-otter/AT2018dyk.json,0.037
157,SDSSJ1201,['SDSSJ1201'],180d24m00.45s,30d03m05.52s,"['2017ApJ...838..149A', '2016A&A...594A..13P', '2012A&A...541A.106S', '2017ApJ...835...64G']",2010-06-10 00:00:00.000,True,False,/home/nfranz/radio-ecle/ecle-otter/SDSSJ1201.json,0.146
158,2018fyk,"['2018fyk', 'ASASSN-18ul', 'Gaia18cyc', 'AT2018fyk']",342d34m01.3730556s,-44d51m53.50214628s,"['2019MNRAS.488.4816W', '2024MNRAS.527.2452M', '2020MNRAS.497L...1W', '2018TNSTR1325....1S', '2018TNSCR1397....1W']",58369.23,True,False,/home/nfranz/radio-ecle/ecle-otter/AT2018fyk.json,0.059
159,ASASSN-14li,['ASASSN-14li'],192d03m48.3795s,17d46m26.475s,"['2016ApJ...819L..25A', '2016Sci...351...62V', '2016ApJ...832L..10R', '2018MNRAS.475.4011B', '2017ApJ...838..149A', '2016MNRAS.455.2918H', '2016arXiv160103331C', '2016A&A...594A..13P', '2015Natur.526..542M', '2015arXiv150701598H', '2014ATel.6777....1J', '2011ApJ...737..103S', 'ASAS-SN Supernovae', 'MAST', '2017ApJ...835...64G', '2012PASP..124..668Y', '2024MNRAS.527.2452M', '2017MNRAS.471.1694W']",2014-11-22 15:07:12.000,True,False,/home/nfranz/radio-ecle/ecle-otter/ASASSN-14li.json,0.0206
160,PGC 1185375,['PGC 1185375'],225d57m36s,1d07m37.2s,"['2017ApJ...838..149A', '2016A&A...594A..13P', '2015arXiv150506612H', '2011ApJ...737..103S', '2017ApJ...835...64G']",,True,False,/home/nfranz/radio-ecle/ecle-otter/PGC-1185375.json,0.00523
161,J123715,['J123715'],189d18m46.5s,60d12m07s,"['2018arXiv180205105W', '2016A&A...594A..13P', '2011ApJ...737..103S', '2017ApJ...835...64G']",2010-01-23 00:00:00.000,True,False,/home/nfranz/radio-ecle/ecle-otter/J123715.json,0.2164
162,D3-13,"['GALEX-D3-13', 'D3-13']",214d52m26.4s,52d52m06.24s,"['2017ApJ...838..149A', '2016A&A...594A..13P', '2011ApJ...737..103S', '2008ApJ...676..944G', '2006ApJ...653L..25G', '2017ApJ...835...64G', '2024MNRAS.527.2452M', '2017MNRAS.471.1694W']",2004-01-15 00:00:00.000,True,False,/home/nfranz/radio-ecle/ecle-otter/D3-13.json,0.3698
163,TDE1,"['SDSS-TDE1', 'TDE1']",355d30m21.09s,1d06m29.3s,"['2017ApJ...838..149A', '2016A&A...594A..13P', '2011ApJ...741...73V', '2011ApJ...737..103S', '2017ApJ...835...64G', '2000A&AS..143....9W', '2024MNRAS.527.2452M', '2017MNRAS.471.1694W']",2006-08-27 00:00:00.000,True,False,/home/nfranz/radio-ecle/ecle-otter/TDE1.json,0.136
164,PS1-12yp,"['PS1-12yp', 'CSS120301:133156+235405', 'SDSSJ133155']",202d58m58.65s,23d54m05.7s,"['2017ApJ...838..149A', '2016MNRAS.463..296L', '2011ApJ...737..103S', '2017ApJ...835...64G']",2012-03-01 00:00:00.000,True,False,/home/nfranz/radio-ecle/ecle-otter/PS1-12yp.json,
165,2021lo,"['ATLAS21dma', 'ZTF21aabiipy', '2021lo', 'AT2021lo']",46d06m35.0784s,4d44m44.43684s,"['2022TNSCR.620....1Y', '2024MNRAS.527.2452M', '2021TNSTR..54....1M']",59218.17627310185,True,False,/home/nfranz/radio-ecle/ecle-otter/AT2021lo.json,0.152
166,2021uvz,"['ATLAS21bdzu', 'ZTF21abmwftm', '2021uvz', 'AT2021uvz']",263d12m37.82664s,33d01m58.1862s,"['2022TNSCR.925....1Y', '2024MNRAS.527.2452M', '2021TNSTR2682....1F']",59407.261,True,False,/home/nfranz/radio-ecle/ecle-otter/AT2021uvz.json,0.176
167,AT2019ahk,['AT2019ahk'],105d02m50.8596s,-66d02m24.7704s,"['2019ApJ...883..111H', '2024MNRAS.527.2452M']",,True,False,/home/nfranz/radio-ecle/ecle-otter/AT2019ahk.json,0.0262
168,SDSS_J0807,['SDSS_J0807'],121d51m49.7355s,14d05m37.0892s,"['2024arXiv240216951C', 'VLASS 1.1', 'VLASS 2.1', 'VLASS 3.1', 'WISE']",2005-11-08 00:00:00.000,True,False,/home/nfranz/radio-ecle/ecle-otter/SDSS_J0807.json,0.0738
169,AT2022fpx,['AT2022fpx'],232d45m55.47s,53d24m19.13s,"['2022TNSTR.836....1T', 'VLASS 1.1', 'VLASS 2.1', 'VLASS 3.1', 'WISE', '2022TNSCR1771....1P']",2459670.01981,True,False,/home/nfranz/radio-ecle/ecle-otter/AT2022fpx.json,0.073
170,PTF09ge,"['PTF-09ge', 'PTF09ge', 'K0905-001']",224d15m46.5s,49d36m40.8s,"['2017ApJ...838..149A', '2016A&A...594A..13P', '2014ApJ...793...38A', '2011ApJ...737..103S', '2009PASP..121.1395L', 'MAST', '2017ApJ...835...64G', '2012PASP..124..668Y', '2000A&AS..143....9W', '2024MNRAS.527.2452M', '2017MNRAS.471.1694W']",2009-05-07 00:00:00.000,True,False,/home/nfranz/radio-ecle/ecle-otter/PTF09ge.json,0.064
171,2022hvp,"['2022hvp', 'Gaia22clk', 'ZTF22aagyuao', 'ATLAS22mlo', 'AT2022hvp']",148d41m18.6792s,55d26m25.4004s,"['2022TNSAN.106....1F', '2024MNRAS.527.2452M', '2022TNSTR1012....1M', '2022TNSCR1214....1F']",59688.28005790509,True,False,/home/nfranz/radio-ecle/ecle-otter/AT2022hvp.json,0.112
172,PGC 1190358,['PGC 1190358'],226d22m08.4s,1d17m31.2s,"['2017ApJ...838..149A', '2016A&A...594A..13P', '2015arXiv150506612H', '2011ApJ...737..103S', '2017ApJ...835...64G']",,True,False,/home/nfranz/radio-ecle/ecle-otter/PGC-1190358.json,0.00766
173,2020opy,"['ZTF20abjwvae', 'PS20fxm', '2020opy', 'AT2020opy']",239d06m25.92s,23d22m21.15s,"['2023MNRAS.518..847G', '2023ApJ...942....9H', '2024MNRAS.527.2452M', '2020TNSTR2111....1M']",59038.23,True,False,/home/nfranz/radio-ecle/ecle-otter/AT2020opy.json,0.159
174,2021gje,"['ATLAS21kpm', 'ZTF21aapvvtb', '2021gje', 'AT2021gje']",252d31m49.86768s,34d49m07.70988s,"['2021TNSCR1723....1H', '2024MNRAS.527.2452M', '2021TNSTR.815....1M', '2021TNSCR1722....1H', ' 2021TNSCR1723....1H']",59291.489282395836,True,False,/home/nfranz/radio-ecle/ecle-otter/AT2021gje.json,0.358
175,ARP 299-B AT1,['ARP 299-B AT1'],172d07m44.8125s,58d33m40.783s,['2018Sci...361..482M'],53401.0,True,False,/home/nfranz/radio-ecle/ecle-otter/ARP-299-B-AT1.json,0.010411
176,Dougie,['Dougie'],182d11m58.05s,43d01m20.01s,"['2017ApJ...838..149A', '2016A&A...594A..13P', '2015ApJ...798...12V', '2014arXiv1410.6014V', '2011ApJ...737..103S', '2017ApJ...835...64G']",2009-01-17 00:00:00.000,True,False,/home/nfranz/radio-ecle/ecle-otter/Dougie.json,0.191
177,SDSSJ1311,['SDSSJ1311'],170d33m00s,-1d23m45.2s,"['2017ApJ...838..149A', '2016A&A...594A..13P', '2011ApJ...737..103S', '2010ApJ...722.1035M', '2017ApJ...835...64G']",2004-02-28 00:00:00.000,True,False,/home/nfranz/radio-ecle/ecle-otter/SDSSJ1311.json,0.18
178,2022rz,"['ZTF22aaaedas', '2022rz', 'ATLAS22bqy', 'AT2022rz']",234d29m24.05472s,56d16m17.82876s,"['2022TNSCR.891....1H', '2024MNRAS.527.2452M', '2022TNSTR.118....1T']",59592.602,True,False,/home/nfranz/radio-ecle/ecle-otter/AT2022rz.json,0.107
179,J030257,['J030257'],45d44m17.1s,-8d29m42.9s,"['2018arXiv180205105W', '2016A&A...594A..13P', '2011ApJ...737..103S', '2017ApJ...835...64G']",2009-11-08 00:00:00.000,True,False,/home/nfranz/radio-ecle/ecle-otter/J030257.json,0.1056
180,RBS 1032,['RBS 1032'],176d51m42s,49d42m59s,"['2017ApJ...838..149A', '2016A&A...594A..13P', '2014ApJ...792L..29M', '2017ApJ...835...64G']",1990-11-05 00:00:00.000,True,False,/home/nfranz/radio-ecle/ecle-otter/RBS-1032.json,0.026
181,2020mbq,"['2020mbq', 'PS20grv', 'ATLAS20pfz', 'ZTF20abefeab', 'AT2020mbq']",235d03m48.9204s,25d00m04.8276s,"['2023ApJ...942....9H', '2024MNRAS.527.2452M', '2020TNSTR1723....1F']",59009.25196760417,True,False,/home/nfranz/radio-ecle/ecle-otter/AT2020mbq.json,0.093
182,2020ocn,"['ZTF18aakelin', '2020ocn', 'AT2020ocn']",208d28m27.0160428s,53d59m49.7309352s,"['2023ApJ...942....9H', '2024MNRAS.527.2452M', '2023ApJ...957...86H', '2020TNSTR2059....1F']",58968.305,True,False,/home/nfranz/radio-ecle/ecle-otter/AT2020ocn.json,0.07
183,AT2017gge,['AT2017gge'],245d08m44.85s,24d07m26.5s,"['2022MNRAS.517...76O', 'VLASS 1.1', 'VLASS 2.1', 'VLASS 3.1', 'WISE']",2457968.8499884,True,False,/home/nfranz/radio-ecle/ecle-otter/AT2017gge.json,0.0665
184,2021ehb,"['ZTF21aanxhjv', 'ATLAS21jdy', '2021ehb', 'AT2021ehb']",46d56m57.39972s,40d18m40.44816s,"['2022ApJ...937....8Y', '2024MNRAS.527.2452M', '2022ApJ...925...67L', '2021TNSTR.651....1M', '2021TNSCR2295....1Y', ' 2022TNSCR2102....1Y']",59274.143090300924,True,False,/home/nfranz/radio-ecle/ecle-otter/AT2021ehb.json,0.017
185,J133737,['J133737'],204d24m16.95s,20d23m51.7s,"['2018arXiv180205105W', '2016A&A...594A..13P', '2011ApJ...737..103S', '2017ApJ...835...64G']",2009-04-12 00:00:00.000,True,False,/home/nfranz/radio-ecle/ecle-otter/J133737.json,0.0725
